{"textures":{"0":"modelengine:entity/wumpus","particle":"#0"},"elements":[{"from":[5.7780495,2.2598367,12.851864],"to":[9.778049,9.259836,16.851864],"faces":{"east":{"uv":[2.0,5.0,2.5,5.875],"tintindex":0,"rotation":0,"texture":"#0"},"south":{"uv":[3.5,5.0,4.0,5.875],"tintindex":0,"rotation":0,"texture":"#0"},"north":{"uv":[2.5,5.0,3.0,5.875],"tintindex":0,"rotation":0,"texture":"#0"},"west":{"uv":[3.0,5.0,3.5,5.875],"tintindex":0,"rotation":0,"texture":"#0"},"up":{"uv":[3.0,5.0,2.5,4.5],"tintindex":0,"rotation":0,"texture":"#0"},"down":{"uv":[3.5,4.5,3.0,5.0],"tintindex":0,"rotation":0,"texture":"#0"}}}],"display":{"head":{"rotation":[7.4904995,0.21782091,4.995266]},"firstperson_righthand":{"rotation":[7.4904995,0.21782091,4.995266]},"thirdperson_lefthand":{"rotation":[7.4904995,-0.21782091,-4.995266]},"firstperson_lefthand":{"rotation":[7.4904995,-0.21782091,-4.995266]},"fixed":{"rotation":[7.4904995,0.21782091,4.995266]},"ground":{"rotation":[7.4904995,0.21782091,4.995266]},"thirdperson_righthand":{"rotation":[7.4904995,0.21782091,4.995266]},"gui":{"rotation":[-160.57326,-44.729115,177.54013]}}}