{"textures":{"0":"modelengine:entity/wumpus","particle":"#0"},"elements":[{"from":[4.861122,-4.232668,9.07557],"to":[8.361122,2.267333,12.57557],"faces":{"east":{"uv":[4.0,5.8125,4.4375,6.625],"tintindex":0,"rotation":0,"texture":"#0"},"south":{"uv":[5.3125,5.8125,5.75,6.625],"tintindex":0,"rotation":0,"texture":"#0"},"north":{"uv":[4.4375,5.8125,4.875,6.625],"tintindex":0,"rotation":0,"texture":"#0"},"west":{"uv":[4.875,5.8125,5.3125,6.625],"tintindex":0,"rotation":0,"texture":"#0"},"up":{"uv":[4.875,5.8125,4.4375,5.375],"tintindex":0,"rotation":0,"texture":"#0"},"down":{"uv":[5.3125,5.375,4.875,5.8125],"tintindex":0,"rotation":0,"texture":"#0"}}}],"display":{"head":{"rotation":[10.000004,-1.5830673E-7,15.000004]},"firstperson_righthand":{"rotation":[10.000004,-1.5830673E-7,15.000004]},"thirdperson_lefthand":{"rotation":[10.000004,1.5830673E-7,-15.000004]},"firstperson_lefthand":{"rotation":[10.000004,1.5830673E-7,-15.000004]},"fixed":{"rotation":[10.000004,-1.5830673E-7,15.000004]},"ground":{"rotation":[10.000004,-1.5830673E-7,15.000004]},"thirdperson_righthand":{"rotation":[10.000004,-1.5830673E-7,15.000004]},"gui":{"rotation":[-164.00195,-44.13603,-174.85107]}}}