{"textures":{"0":"modelengine:entity/wumpus","particle":"#0"},"elements":[{"from":[4.2742314,4.4083652,4.574835],"to":[12.274231,7.4083652,8.574835],"faces":{"east":{"uv":[6.5,2.875,6.75,3.0625],"tintindex":0,"rotation":0,"texture":"#0"},"south":{"uv":[7.5,2.875,8.0,3.0625],"tintindex":0,"rotation":0,"texture":"#0"},"north":{"uv":[6.75,2.875,7.25,3.0625],"tintindex":0,"rotation":0,"texture":"#0"},"west":{"uv":[7.25,2.875,7.5,3.0625],"tintindex":0,"rotation":0,"texture":"#0"},"up":{"uv":[7.25,2.875,6.75,2.625],"tintindex":0,"rotation":0,"texture":"#0"},"down":{"uv":[7.75,2.625,7.25,2.875],"tintindex":0,"rotation":0,"texture":"#0"}}}],"display":{"head":{"rotation":[-80.0,-4.596791E-6,-4.9999995]},"firstperson_righthand":{"rotation":[-80.0,-4.596791E-6,-4.9999995]},"thirdperson_lefthand":{"rotation":[-80.0,4.596791E-6,4.9999995]},"firstperson_lefthand":{"rotation":[-80.0,4.596791E-6,4.9999995]},"fixed":{"rotation":[-80.0,-4.596791E-6,-4.9999995]},"ground":{"rotation":[-80.0,-4.596791E-6,-4.9999995]},"thirdperson_righthand":{"rotation":[-80.0,-4.596791E-6,-4.9999995]},"gui":{"rotation":[-67.10708,-7.053018,-140.43855]}}}